,COUNTY,NPI,Tot_Clms,Tot_30day_Fills,Tot_Day_Suply,Tot_Drug_Cst,Tot_Benes,GE65_Tot_Clms,GE65_Tot_30day_Fills,GE65_Tot_Drug_Cst,GE65_Tot_Day_Suply,GE65_Tot_Benes
0,1011,2,22,43.0,1276,23789.98,0.0,22.0,43.0,23789.98,1276.0,0.0
1,1015,2,32,46.8,1368,36107.16,0.0,0.0,0.0,0.0,0.0,0.0
2,1017,4,56,64.0,1864,47369.12,0.0,0.0,0.0,0.0,0.0,0.0
3,1021,1,18,25.6,764,19777.09,0.0,0.0,0.0,0.0,0.0,0.0
4,1027,1,11,11.0,318,8330.27,0.0,0.0,0.0,0.0,0.0,0.0
5,1033,3,44,51.6,1500,39449.18,0.0,0.0,0.0,0.0,0.0,0.0
6,1037,2,52,68.6,2004,48928.38,0.0,0.0,0.0,0.0,0.0,0.0
7,1051,2,52,68.6,2004,48928.38,0.0,0.0,0.0,0.0,0.0,0.0
8,1059,2,32,36.0,1042,26847.18,0.0,0.0,0.0,0.0,0.0,0.0
9,1061,2,48,49.8,1438,35289.91,0.0,14.0,15.8,11545.03,462.0,0.0
10,1069,2,48,49.8,1438,35289.91,0.0,14.0,15.8,11545.03,462.0,0.0
11,1071,1,14,14.5,431,10087.42,0.0,0.0,0.0,0.0,0.0,0.0
12,1073,11,243,292.7,8432,202750.64,44.0,56.0,61.7,45354.62,1709.0,12.0
13,1077,2,63,79.8,2312,59251.03,18.0,22.0,36.8,27832.83,1080.0,0.0
14,1081,4,56,64.0,1864,47369.12,0.0,0.0,0.0,0.0,0.0,0.0
15,1089,3,36,38.7,1116,26357.31,0.0,0.0,0.0,0.0,0.0,0.0
16,1097,8,310,461.40000000000003,13592,324260.72,112.0,88.0,142.4,95998.64,4212.0,0.0
17,1101,3,221,254.4,7346,179323.78,62.0,142.0,161.0,108562.06,4664.0,40.0
18,1109,2,22,43.0,1276,23789.98,0.0,22.0,43.0,23789.98,1276.0,0.0
19,1115,1,21,25.6,732,18258.61,0.0,0.0,0.0,0.0,0.0,0.0
20,1117,3,42,52.7,1529,39791.740000000005,0.0,11.0,11.0,8555.68,291.0,0.0
21,1121,2,32,46.8,1368,36107.16,0.0,0.0,0.0,0.0,0.0,0.0
22,1123,2,52,68.6,2004,48928.38,0.0,0.0,0.0,0.0,0.0,0.0
23,1125,1,17,17.0,478,11914.67,0.0,0.0,0.0,0.0,0.0,0.0
24,4013,4,57,73.1,2126,54200.74,0.0,22.0,24.6,16895.8,712.0,0.0
25,4019,2,26,36.8,1064,24030.7,0.0,0.0,0.0,0.0,0.0,0.0
26,4021,1,18,29.7,870,23232.45,0.0,0.0,0.0,0.0,0.0,0.0
27,5009,2,26,33.8,988,18896.82,0.0,0.0,0.0,0.0,0.0,0.0
28,5089,2,26,33.8,988,18896.82,0.0,0.0,0.0,0.0,0.0,0.0
29,5119,1,16,18.1,530,13294.68,0.0,0.0,0.0,0.0,0.0,0.0
30,5129,2,26,33.8,988,18896.82,0.0,0.0,0.0,0.0,0.0,0.0
31,5131,3,39,49.800000000000004,1428,36228.81,0.0,0.0,0.0,0.0,0.0,0.0
32,6019,3,59,66.3,1876,44052.020000000004,0.0,12.0,14.0,9453.61,410.0,0.0
33,6025,1,68,81.6,2376,58191.24,26.0,30.0,36.7,26264.53,1068.0,14.0
34,6029,2,72,97.9,2859,68753.02,20.0,17.0,19.5,13470.09,584.0,0.0
35,6037,38,1111,1351.2,39091,918419.42,244.0,640.0,800.3,537797.9,23279.0,112.0
36,6053,1,13,13.3,380,9874.01,0.0,0.0,0.0,0.0,0.0,0.0
37,6059,12,209,253.2,7366,182447.18,0.0,161.0,190.5,137893.74,5532.0,0.0
38,6065,2,23,24.8,720,18116.85,0.0,12.0,13.8,10072.26,402.0,0.0
39,6067,3,49,85.6,2508,61441.28999999999,0.0,26.0,26.0,18680.2,728.0,0.0
40,6071,3,53,56.1,1488,40859.91,0.0,15.0,17.7,12730.49,472.0,0.0
41,6073,5,74,89.8,2576,56843.37,0.0,0.0,0.0,0.0,0.0,0.0
42,6075,2,52,55.6,1488,51802.32,0.0,0.0,0.0,0.0,0.0,0.0
43,6077,9,188,237.6,6914,162777.71,0.0,46.0,64.8,47575.29,1892.0,0.0
44,6083,1,19,19.0,540,14200.64,0.0,0.0,0.0,0.0,0.0,0.0
45,6085,3,54,57.8,1661,46472.66,11.0,0.0,0.0,0.0,0.0,0.0
46,6089,2,36,56.6,1656,42961.66,0.0,36.0,56.6,42961.66,1656.0,0.0
47,6097,4,83,98.1,2811,72471.78,0.0,0.0,0.0,0.0,0.0,0.0
48,6099,1,34,36.5,1044,24449.87,13.0,0.0,0.0,0.0,0.0,0.0
49,6101,1,19,31.4,942,17688.47,0.0,0.0,0.0,0.0,0.0,0.0
50,6107,1,11,11.0,316,8073.14,0.0,0.0,0.0,0.0,0.0,0.0
51,6111,2,26,34.8,1044,25827.72,0.0,26.0,34.8,25827.72,1044.0,0.0
52,8001,3,33,35.7,1008,23700.300000000003,0.0,33.0,35.7,23700.300000000003,1008.0,0.0
53,8005,3,33,35.7,1008,23700.300000000003,0.0,33.0,35.7,23700.300000000003,1008.0,0.0
54,9120,3,70,70.0,1988,49432.869999999995,0.0,32.0,32.0,22423.98,920.0,0.0
55,9130,1,14,15.7,456,12882.27,0.0,0.0,0.0,0.0,0.0,0.0
56,9140,4,70,77.1,2161,60146.340000000004,0.0,0.0,0.0,0.0,0.0,0.0
57,9150,1,16,16.0,448,11936.87,0.0,0.0,0.0,0.0,0.0,0.0
58,9160,3,42,56.0,1634,38238.81,0.0,0.0,0.0,0.0,0.0,0.0
59,9170,2,40,41.8,1160,31061.56,0.0,0.0,0.0,0.0,0.0,0.0
60,9180,1,11,11.0,326,7849.82,0.0,0.0,0.0,0.0,0.0,0.0
61,10003,10,140,353.0,10500,240021.69999999998,0.0,140.0,353.0,240021.69999999998,10500.0,0.0
62,10005,3,57,125.6,3730,90423.03,30.0,15.0,26.4,18730.43,774.0,0.0
63,12005,2,42,56.4,1652,39231.6,0.0,0.0,0.0,0.0,0.0,0.0
64,12009,5,150,207.7,5967,150507.31,40.0,87.0,132.8,95586.82,3889.0,0.0
65,12015,6,126,257.6,7672,172279.57,80.0,0.0,0.0,0.0,0.0,0.0
66,12021,1,17,31.8,901,21163.0,0.0,17.0,31.8,21163.0,901.0,0.0
67,12031,2,38,51.6,1528,37695.99,0.0,0.0,0.0,0.0,0.0,0.0
68,12033,4,65,89.0,2594,59148.49,0.0,0.0,0.0,0.0,0.0,0.0
69,12035,11,272,329.8,9531,234101.77000000002,80.0,13.0,13.0,8751.96,372.0,0.0
70,12055,1,14,18.7,558,14029.29,0.0,0.0,0.0,0.0,0.0,0.0
71,12057,1,42,53.6,1567,37459.21,12.0,28.0,31.2,22001.06,903.0,0.0
72,12069,1,30,31.8,920,23215.27,14.0,12.0,13.8,10047.88,398.0,0.0
73,12071,4,95,120.6,3524,93000.70000000001,14.0,0.0,0.0,0.0,0.0,0.0
74,12073,2,35,46.6,1360,33139.18,0.0,14.0,14.0,9426.35,398.0,0.0
75,12085,6,180,240.39999999999998,6958,166986.8,70.0,32.0,50.0,37410.08,1462.0,0.0
76,12086,3,120,130.1,3823,91376.41,49.0,0.0,0.0,0.0,0.0,0.0
77,12095,1,30,31.8,920,23215.27,14.0,12.0,13.8,10047.88,398.0,0.0
78,12099,9,248,320.1,9296,223233.22,86.0,62.0,88.1,63792.7,2596.0,0.0
79,12103,1,12,15.6,456,11872.7,0.0,12.0,15.6,11872.7,456.0,0.0
80,12105,1,11,19.9,596,12965.59,0.0,0.0,0.0,0.0,0.0,0.0
81,12109,4,112,138.8,3992,98994.16,52.0,0.0,0.0,0.0,0.0,0.0
82,12115,2,25,38.7,1136,28085.64,0.0,0.0,0.0,0.0,0.0,0.0
83,12127,10,213,262.2,7602,188434.02,27.0,0.0,0.0,0.0,0.0,0.0
84,13011,5,167,183.6,5272,133318.87,24.0,98.0,114.6,81541.12,3292.0,24.0
85,13019,4,52,55.6,1648,39771.6,0.0,0.0,0.0,0.0,0.0,0.0
86,13051,1,15,17.0,484,12593.1,0.0,0.0,0.0,0.0,0.0,0.0
87,13069,3,45,57.0,1632,41565.33,0.0,0.0,0.0,0.0,0.0,0.0
88,13089,1,12,15.6,464,11476.34,0.0,0.0,0.0,0.0,0.0,0.0
89,13105,2,30,32.0,880,23968.76,0.0,0.0,0.0,0.0,0.0,0.0
90,13111,1,16,25.1,736,17352.73,0.0,0.0,0.0,0.0,0.0,0.0
91,13119,7,197,215.6,6152,157287.63,24.0,98.0,114.6,81541.12,3292.0,24.0
92,13121,2,27,30.1,872,22523.739999999998,0.0,13.0,14.8,11417.61,422.0,0.0
93,13127,1,19,23.9,696,17687.05,0.0,0.0,0.0,0.0,0.0,0.0
94,13137,3,69,69.0,1980,51777.75,0.0,0.0,0.0,0.0,0.0,0.0
95,13147,2,30,32.0,880,23968.76,0.0,0.0,0.0,0.0,0.0,0.0
96,13187,1,16,25.1,736,17352.73,0.0,0.0,0.0,0.0,0.0,0.0
97,13195,4,128,146.6,4172,105509.87999999999,24.0,98.0,114.6,81541.12,3292.0,24.0
98,13215,1,12,17.0,495,11675.25,0.0,0.0,0.0,0.0,0.0,0.0
99,13257,3,69,69.0,1980,51777.75,0.0,0.0,0.0,0.0,0.0,0.0
100,13265,1,12,14.6,422,9630.19,0.0,0.0,0.0,0.0,0.0,0.0
101,13277,4,52,55.6,1648,39771.6,0.0,0.0,0.0,0.0,0.0,0.0
102,13291,1,16,25.1,736,17352.73,0.0,0.0,0.0,0.0,0.0,0.0
103,13317,1,12,14.6,422,9630.19,0.0,0.0,0.0,0.0,0.0,0.0
104,15003,4,68,110.1,3232,79133.88,0.0,57.0,90.2,65259.17,2642.0,0.0
105,16055,1,23,30.9,904,18675.25,11.0,0.0,0.0,0.0,0.0,0.0
106,17007,2,34,50.6,1482,28086.72,0.0,0.0,0.0,0.0,0.0,0.0
107,17027,4,72,86.8,2440,61998.12,0.0,0.0,0.0,0.0,0.0,0.0
108,17031,12,218,340.3,9993,233118.03,20.0,66.0,108.89999999999999,78925.97,3192.0,20.0
109,17081,4,72,86.8,2440,61998.12,0.0,0.0,0.0,0.0,0.0,0.0
110,17089,1,14,24.8,738,18149.27,0.0,14.0,24.8,18149.27,738.0,0.0
111,17097,1,22,32.6,943,21988.31,11.0,0.0,0.0,0.0,0.0,0.0
112,17121,4,72,86.8,2440,61998.12,0.0,0.0,0.0,0.0,0.0,0.0
113,17159,1,12,23.6,702,15620.68,0.0,12.0,23.6,15620.68,702.0,0.0
114,17189,4,72,86.8,2440,61998.12,0.0,0.0,0.0,0.0,0.0,0.0
115,17201,2,34,50.6,1482,28086.72,0.0,0.0,0.0,0.0,0.0,0.0
116,18003,6,114,141.4,4060,106869.52,22.0,0.0,0.0,0.0,0.0,0.0
117,18021,1,60,72.4,2101,54177.12,24.0,25.0,31.4,24602.62,916.0,0.0
118,18037,2,28,28.0,778,20596.68,0.0,0.0,0.0,0.0,0.0,0.0
119,18057,1,19,22.8,656,16856.56,0.0,0.0,0.0,0.0,0.0,0.0
120,18059,1,13,14.7,420,9711.69,0.0,0.0,0.0,0.0,0.0,0.0
121,18065,1,25,39.0,1157,25473.84,0.0,0.0,0.0,0.0,0.0,0.0
122,18089,4,47,72.8,2106,52451.69,0.0,0.0,0.0,0.0,0.0,0.0
123,18097,3,46,55.1,1580,39511.86,0.0,0.0,0.0,0.0,0.0,0.0
124,18101,2,28,28.0,778,20596.68,0.0,0.0,0.0,0.0,0.0,0.0
125,18117,2,28,28.0,778,20596.68,0.0,0.0,0.0,0.0,0.0,0.0
126,18127,2,22,41.8,1204,29887.3,0.0,0.0,0.0,0.0,0.0,0.0
127,18129,1,13,19.2,560,12511.3,0.0,0.0,0.0,0.0,0.0,0.0
128,18161,2,140,166.6,4780,121105.54,56.0,64.0,77.8,55526.04,2258.0,28.0
129,18163,3,47,67.6,1970,47390.5,0.0,0.0,0.0,0.0,0.0,0.0
130,18167,1,60,72.4,2101,54177.12,24.0,25.0,31.4,24602.62,916.0,0.0
131,18177,2,140,166.6,4780,121105.54,56.0,64.0,77.8,55526.04,2258.0,28.0
132,19113,1,11,12.8,372,9453.9,0.0,11.0,12.8,9453.9,372.0,0.0
133,20045,9,108,210.6,6102,149919.66,0.0,0.0,0.0,0.0,0.0,0.0
134,20087,9,108,210.6,6102,149919.66,0.0,0.0,0.0,0.0,0.0,0.0
135,20091,2,26,29.6,856,22330.18,0.0,0.0,0.0,0.0,0.0,0.0
136,20103,9,108,210.6,6102,149919.66,0.0,0.0,0.0,0.0,0.0,0.0
137,20155,2,34,41.4,1196,27951.8,0.0,0.0,0.0,0.0,0.0,0.0
138,20159,2,34,41.4,1196,27951.8,0.0,0.0,0.0,0.0,0.0,0.0
139,20173,2,38,39.3,1112,27659.72,0.0,0.0,0.0,0.0,0.0,0.0
140,20177,3,64,81.3,2350,57556.869999999995,12.0,11.0,18.4,13735.08,544.0,0.0
141,21013,1,17,17.4,490,12382.59,0.0,0.0,0.0,0.0,0.0,0.0
142,21019,2,28,39.0,1104,24633.74,0.0,0.0,0.0,0.0,0.0,0.0
143,21029,1,172,202.0,5827,137900.54,67.0,72.0,83.2,57357.98,2402.0,30.0
144,21049,1,13,13.0,364,9574.97,0.0,0.0,0.0,0.0,0.0,0.0
145,21051,5,75,87.5,2534,65235.43,0.0,0.0,0.0,0.0,0.0,0.0
146,21059,4,76,157.6,4692,115680.16,0.0,0.0,0.0,0.0,0.0,0.0
147,21067,6,74,102.0,2976,64869.94,0.0,0.0,0.0,0.0,0.0,0.0
148,21089,2,28,39.0,1104,24633.74,0.0,0.0,0.0,0.0,0.0,0.0
149,21101,3,51,93.6,2768,67951.79000000001,0.0,0.0,0.0,0.0,0.0,0.0
150,21111,21,768,926.8,27044,642044.81,146.0,144.0,166.4,114715.96,4804.0,60.0
151,21113,1,12,19.0,562,11430.0,0.0,0.0,0.0,0.0,0.0,0.0
152,21115,1,15,16.3,476,10791.79,0.0,0.0,0.0,0.0,0.0,0.0
153,21117,1,28,40.2,1175,29591.06,11.0,0.0,0.0,0.0,0.0,0.0
154,21121,2,32,38.2,1098,28604.56,0.0,0.0,0.0,0.0,0.0,0.0
155,21125,3,43,49.3,1436,36630.869999999995,0.0,0.0,0.0,0.0,0.0,0.0
156,21145,1,32,35.7,995,24331.81,11.0,0.0,0.0,0.0,0.0,0.0
157,21149,2,38,78.8,2346,57840.08,0.0,0.0,0.0,0.0,0.0,0.0
158,21185,6,285,346.9,10107,240012.31,67.0,72.0,83.2,57357.98,2402.0,30.0
159,21199,2,34,43.6,1260,29860.06,0.0,0.0,0.0,0.0,0.0,0.0
160,21235,2,32,38.2,1098,28604.56,0.0,0.0,0.0,0.0,0.0,0.0
161,21239,1,12,19.0,562,11430.0,0.0,0.0,0.0,0.0,0.0,0.0
162,22033,2,32,35.6,1030,25797.46,12.0,0.0,0.0,0.0,0.0,0.0
163,22039,2,130,130.0,3620,97386.42,42.0,58.0,58.0,43109.04,1704.0,0.0
164,22045,1,12,22.7,670,16038.83,0.0,0.0,0.0,0.0,0.0,0.0
165,22049,8,164,169.6,4732,123850.51999999999,100.0,0.0,0.0,0.0,0.0,0.0
166,22051,6,488,565.6,16302,402085.68,160.0,368.0,436.6,308910.88,12574.0,0.0
167,22055,1,12,22.7,670,16038.83,0.0,0.0,0.0,0.0,0.0,0.0
168,22061,8,164,169.6,4732,123850.51999999999,100.0,0.0,0.0,0.0,0.0,0.0
169,22097,2,130,130.0,3620,97386.42,42.0,58.0,58.0,43109.04,1704.0,0.0
170,22099,1,12,22.7,670,16038.83,0.0,0.0,0.0,0.0,0.0,0.0
171,22101,1,31,34.5,996,25731.09,0.0,17.0,20.5,15397.42,590.0,0.0
172,22103,2,26,41.900000000000006,1224,25929.46,0.0,0.0,0.0,0.0,0.0,0.0
173,22109,3,33,33.0,948,21208.050000000003,0.0,0.0,0.0,0.0,0.0,0.0
174,22113,1,12,22.7,670,16038.83,0.0,0.0,0.0,0.0,0.0,0.0
175,22115,2,24,28.0,812,19912.14,0.0,0.0,0.0,0.0,0.0,0.0
176,23005,1,22,45.8,1364,29517.94,14.0,0.0,0.0,0.0,0.0,0.0
177,24003,1,11,11.0,312,8090.23,0.0,0.0,0.0,0.0,0.0,0.0
178,24005,4,67,74.9,2164,56455.04,0.0,18.0,18.0,13248.76,510.0,0.0
179,24013,1,19,23.3,650,18206.42,0.0,0.0,0.0,0.0,0.0,0.0
180,24021,2,26,26.0,752,18748.88,0.0,26.0,26.0,18748.88,752.0,0.0
181,24027,3,38,69.6,2084,48796.14,0.0,0.0,0.0,0.0,0.0,0.0
182,24031,4,54,73.0,2118,49143.7,0.0,24.0,32.0,23405.78,932.0,0.0
183,24043,4,54,61.6,1718,45372.14,0.0,26.0,26.0,18748.88,752.0,0.0
184,24045,2,22,32.5,960,23206.07,0.0,11.0,16.8,12324.75,504.0,0.0
185,24047,2,22,32.5,960,23206.07,0.0,11.0,16.8,12324.75,504.0,0.0
186,24510,4,61,73.6,2123,54236.33,0.0,18.0,18.0,13248.76,510.0,0.0
187,25005,2,74,79.4,2258,56399.78,26.0,0.0,0.0,0.0,0.0,0.0
188,25009,1,36,38.0,1090,27966.59,16.0,0.0,0.0,0.0,0.0,0.0
189,25017,3,45,69.30000000000001,2040,49524.899999999994,0.0,0.0,0.0,0.0,0.0,0.0
190,25021,4,92,105.6,3003,69465.95999999999,15.0,33.0,36.7,24860.22,1034.0,0.0
191,25025,9,385,425.1,11802,301097.82,81.0,141.0,144.7,101851.62,3902.0,33.0
192,26017,2,22,27.6,790,17740.62,0.0,0.0,0.0,0.0,0.0,0.0
193,26021,2,34,46.4,1246,31297.52,0.0,0.0,0.0,0.0,0.0,0.0
194,26099,1,16,21.2,626,11545.12,0.0,0.0,0.0,0.0,0.0,0.0
195,26115,1,12,15.9,466,8063.58,0.0,0.0,0.0,0.0,0.0,0.0
196,26145,2,22,27.6,790,17740.62,0.0,0.0,0.0,0.0,0.0,0.0
197,26159,2,34,46.4,1246,31297.52,0.0,0.0,0.0,0.0,0.0,0.0
198,26163,3,59,72.3,2080,47231.47,0.0,0.0,0.0,0.0,0.0,0.0
199,27005,2,24,29.2,872,20544.5,0.0,0.0,0.0,0.0,0.0,0.0
200,27009,4,64,70.8,2040,46901.2,0.0,0.0,0.0,0.0,0.0,0.0
201,27013,1,16,18.4,534,11821.94,0.0,0.0,0.0,0.0,0.0,0.0
202,27019,1,19,23.1,665,15368.19,0.0,19.0,23.1,15368.19,665.0,0.0
203,27021,1,11,14.1,406,9458.72,0.0,0.0,0.0,0.0,0.0,0.0
204,27035,1,11,14.1,406,9458.72,0.0,0.0,0.0,0.0,0.0,0.0
205,27041,6,138,154.8,4416,114054.48000000001,0.0,138.0,154.8,114054.48000000001,4416.0,0.0
206,27067,2,28,33.2,954,23485.2,0.0,0.0,0.0,0.0,0.0,0.0
207,27097,1,15,15.0,417,11232.5,0.0,0.0,0.0,0.0,0.0,0.0
208,27103,1,16,18.4,534,11821.94,0.0,0.0,0.0,0.0,0.0,0.0
209,27111,2,24,29.2,872,20544.5,0.0,0.0,0.0,0.0,0.0,0.0
210,27121,6,138,154.8,4416,114054.48000000001,0.0,138.0,154.8,114054.48000000001,4416.0,0.0
211,27137,4,92,95.2,2768,70230.4,0.0,0.0,0.0,0.0,0.0,0.0
212,27145,4,64,70.8,2040,46901.2,0.0,0.0,0.0,0.0,0.0,0.0
213,28007,1,28,37.6,1070,26901.7,12.0,13.0,22.6,16007.44,664.0,0.0
214,28011,10,280,298.0,8760,220357.2,0.0,0.0,0.0,0.0,0.0,0.0
215,28015,1,64,67.7,1976,45674.26,21.0,12.0,12.0,9127.48,344.0,0.0
216,28047,2,54,54.0,1536,40080.12,0.0,26.0,26.0,19000.22,732.0,0.0
217,28049,4,65,76.2,2202,60087.479999999996,0.0,12.0,14.7,11512.08,422.0,0.0
218,28067,2,24,24.0,696,17569.72,0.0,0.0,0.0,0.0,0.0,0.0
219,28079,2,42,56.5,1628,38562.130000000005,12.0,13.0,22.6,16007.44,664.0,0.0
220,28083,1,64,67.7,1976,45674.26,21.0,12.0,12.0,9127.48,344.0,0.0
221,28121,1,22,24.0,692,17657.27,0.0,0.0,0.0,0.0,0.0,0.0
222,28123,2,30,42.599999999999994,1258,28658.49,0.0,0.0,0.0,0.0,0.0,0.0
223,28129,1,16,23.7,700,16998.06,0.0,0.0,0.0,0.0,0.0,0.0
224,28133,10,280,298.0,8760,220357.2,0.0,0.0,0.0,0.0,0.0,0.0
225,28159,1,28,37.6,1070,26901.7,12.0,13.0,22.6,16007.44,664.0,0.0
226,29023,6,130,140.4,4096,95873.1,0.0,0.0,0.0,0.0,0.0,0.0
227,29031,1,14,14.9,392,10652.0,0.0,0.0,0.0,0.0,0.0,0.0
228,29035,6,130,140.4,4096,95873.1,0.0,0.0,0.0,0.0,0.0,0.0
229,29051,2,50,71.19999999999999,2055,52517.759999999995,0.0,15.0,16.8,12276.37,476.0,0.0
230,29069,2,34,36.0,1038,24991.24,0.0,0.0,0.0,0.0,0.0,0.0
231,29077,2,22,22.0,616,16023.22,0.0,0.0,0.0,0.0,0.0,0.0
232,29097,1,20,23.6,678,17796.54,12.0,0.0,0.0,0.0,0.0,0.0
233,29127,2,40,50.8,1496,38699.48,0.0,0.0,0.0,0.0,0.0,0.0
234,29145,1,20,23.6,678,17796.54,12.0,0.0,0.0,0.0,0.0,0.0
235,29155,2,34,36.0,1038,24991.24,0.0,0.0,0.0,0.0,0.0,0.0
236,29173,2,40,50.8,1496,38699.48,0.0,0.0,0.0,0.0,0.0,0.0
237,29189,1,11,20.0,588,13782.16,0.0,0.0,0.0,0.0,0.0,0.0
238,31055,4,55,60.9,1755,45094.35,0.0,35.0,35.0,25294.08,1008.0,0.0
239,31109,1,12,12.0,346,11669.05,0.0,0.0,0.0,0.0,0.0,0.0
240,32031,1,43,47.5,1335,32504.93,24.0,0.0,0.0,0.0,0.0,0.0
241,34005,1,18,18.8,550,13416.68,0.0,0.0,0.0,0.0,0.0,0.0
242,34013,3,56,83.5,2397,57885.520000000004,0.0,24.0,40.5,26432.63,1208.0,0.0
243,34019,3,33,40.8,1104,28037.22,0.0,0.0,0.0,0.0,0.0,0.0
244,34021,1,13,20.2,602,14909.29,0.0,13.0,20.2,14909.29,602.0,0.0
245,34023,1,25,37.6,1098,23736.73,0.0,0.0,0.0,0.0,0.0,0.0
246,34025,2,40,91.4,2721,60858.009999999995,11.0,0.0,0.0,0.0,0.0,0.0
247,34029,2,40,91.4,2721,60858.009999999995,11.0,0.0,0.0,0.0,0.0,0.0
248,34031,2,31,44.5,1290,27325.71,0.0,11.0,13.1,8003.89,382.0,0.0
249,34035,3,33,40.8,1104,28037.22,0.0,0.0,0.0,0.0,0.0,0.0
250,34039,2,31,40.2,1192,28099.37,0.0,15.0,15.0,9578.66,448.0,0.0
251,35013,2,26,26.0,764,18892.3,0.0,0.0,0.0,0.0,0.0,0.0
252,35055,2,34,35.6,1008,23893.32,0.0,34.0,35.6,23893.32,1008.0,0.0
253,36001,5,76,131.1,3876,88078.53,12.0,22.0,37.8,23079.5,1124.0,0.0
254,36005,11,320,380.2,11068,263053.01,71.0,93.0,133.1,91383.86,3916.0,12.0
255,36011,2,54,94.4,2768,67363.34,0.0,0.0,0.0,0.0,0.0,0.0
256,36015,2,28,37.2,1080,22956.3,0.0,0.0,0.0,0.0,0.0,0.0
257,36019,2,98,178.8,5280,129920.94,36.0,54.0,105.2,72856.06,3108.0,0.0
258,36029,15,386,475.3,13684,331566.41,81.0,144.0,180.0,124968.5,5174.0,0.0
259,36037,3,57,61.800000000000004,1770,41341.32,0.0,57.0,61.800000000000004,41341.32,1770.0,0.0
260,36043,1,12,12.8,372,8788.79,0.0,0.0,0.0,0.0,0.0,0.0
261,36047,12,493,564.9,16454,405089.62,73.0,236.0,276.0,197359.44,8021.0,0.0
262,36055,1,11,17.5,512,10478.63,0.0,11.0,17.5,10478.63,512.0,0.0
263,36059,7,103,173.5,5118,118235.39,0.0,11.0,23.8,16784.78,714.0,0.0
264,36061,17,275,344.3,9964,244046.47999999998,23.0,149.0,204.89999999999998,145357.71,5983.0,23.0
265,36063,2,36,55.900000000000006,1644,39314.79,11.0,15.0,16.7,10464.22,486.0,0.0
266,36067,3,66,114.5,3358,81698.56999999999,0.0,12.0,20.1,14335.23,590.0,0.0
267,36079,1,18,35.9,1060,25726.21,0.0,0.0,0.0,0.0,0.0,0.0
268,36081,5,88,118.8,3480,84664.76,0.0,0.0,0.0,0.0,0.0,0.0
269,36085,9,321,465.8,13818,328954.03,78.0,107.0,171.8,119609.32999999999,5088.0,39.0
270,36087,1,16,37.8,1134,25584.23,0.0,0.0,0.0,0.0,0.0,0.0
271,36091,1,12,17.7,518,11381.3,0.0,12.0,17.7,11381.3,518.0,0.0
272,36101,2,28,37.2,1080,22956.3,0.0,0.0,0.0,0.0,0.0,0.0
273,36103,7,127,189.10000000000002,5529,134447.37,11.0,23.0,40.8,28440.379999999997,1198.0,0.0
274,36119,14,516,632.7,18396,429191.72,111.0,138.0,195.8,128529.26,5777.0,29.0
275,36121,3,57,61.800000000000004,1770,41341.32,0.0,57.0,61.800000000000004,41341.32,1770.0,0.0
276,37003,6,147,165.60000000000002,4806,119618.82,45.0,33.0,49.199999999999996,36077.76,1434.0,0.0
277,37013,6,132,134.39999999999998,3840,97703.58,0.0,0.0,0.0,0.0,0.0,0.0
278,37021,8,164,215.4,6248,151421.05,40.0,29.0,46.8,32673.4,1373.0,0.0
279,37023,3,36,36.0,1008,27520.53,0.0,0.0,0.0,0.0,0.0,0.0
280,37025,2,29,34.8,1000,23022.57,0.0,0.0,0.0,0.0,0.0,0.0
281,37027,3,36,36.0,1008,27520.53,0.0,0.0,0.0,0.0,0.0,0.0
282,37029,2,30,35.0,1024,23609.48,0.0,30.0,35.0,23609.48,1024.0,0.0
283,37031,2,22,22.0,616,15945.98,0.0,0.0,0.0,0.0,0.0,0.0
284,37037,2,28,38.8,1132,21920.76,0.0,0.0,0.0,0.0,0.0,0.0
285,37043,2,30,42.0,1236,29845.18,0.0,0.0,0.0,0.0,0.0,0.0
286,37047,1,17,20.6,592,15556.08,0.0,0.0,0.0,0.0,0.0,0.0
287,37051,1,12,12.0,316,10069.05,0.0,0.0,0.0,0.0,0.0,0.0
288,37057,6,196,239.2,6892,180003.4,56.0,94.0,115.6,85684.02,3328.0,0.0
289,37059,6,147,165.60000000000002,4806,119618.82,45.0,33.0,49.199999999999996,36077.76,1434.0,0.0
290,37063,3,42,58.199999999999996,1698,32881.14,0.0,0.0,0.0,0.0,0.0,0.0
291,37065,6,132,134.39999999999998,3840,97703.58,0.0,0.0,0.0,0.0,0.0,0.0
292,37067,4,120,141.6,4072,106715.0,28.0,58.0,68.8,50829.020000000004,1972.0,0.0
293,37081,8,276,330.4,9462,247449.3,82.0,150.0,179.2,132721.36,5090.0,0.0
294,37087,6,99,141.89999999999998,4170,97971.0,0.0,0.0,0.0,0.0,0.0,0.0
295,37089,2,38,47.0,1360,32664.4,0.0,0.0,0.0,0.0,0.0,0.0
296,37093,1,12,12.0,316,10069.05,0.0,0.0,0.0,0.0,0.0,0.0
297,37097,7,163,185.70000000000002,5392,133569.1,45.0,33.0,49.199999999999996,36077.76,1434.0,0.0
298,37099,6,99,141.89999999999998,4170,97971.0,0.0,0.0,0.0,0.0,0.0,0.0
299,37101,2,26,26.0,744,19239.58,0.0,0.0,0.0,0.0,0.0,0.0
300,37111,3,36,36.0,1008,27520.53,0.0,0.0,0.0,0.0,0.0,0.0
301,37113,8,129,183.89999999999998,5406,127816.18,0.0,0.0,0.0,0.0,0.0,0.0
302,37119,3,46,55.5,1597,36513.14,0.0,0.0,0.0,0.0,0.0,0.0
303,37127,1,17,17.0,475,11912.83,11.0,0.0,0.0,0.0,0.0,0.0
304,37129,17,385,543.4000000000001,15720,379320.03,120.0,0.0,0.0,0.0,0.0,0.0
305,37135,2,62,101.0,2964,77541.0,0.0,62.0,101.0,77541.0,2964.0,0.0
306,37139,2,30,35.0,1024,23609.48,0.0,30.0,35.0,23609.48,1024.0,0.0
307,37141,11,247,347.5,10053,242971.2,75.0,0.0,0.0,0.0,0.0,0.0
308,37145,1,15,15.0,430,10593.89,0.0,0.0,0.0,0.0,0.0,0.0
309,37147,6,132,134.39999999999998,3840,97703.58,0.0,0.0,0.0,0.0,0.0,0.0
310,37149,2,38,47.0,1360,32664.4,0.0,0.0,0.0,0.0,0.0,0.0
311,37151,2,76,97.6,2820,73288.4,28.0,36.0,46.8,34855.0,1356.0,0.0
312,37155,1,14,14.0,392,10142.38,0.0,0.0,0.0,0.0,0.0,0.0
313,37159,6,147,165.60000000000002,4806,119618.82,45.0,33.0,49.199999999999996,36077.76,1434.0,0.0
314,37179,1,18,23.6,687,17689.17,0.0,0.0,0.0,0.0,0.0,0.0
315,37183,6,114,159.3,4672,109015.45,11.0,12.0,17.3,12041.99,510.0,0.0
316,37191,1,56,60.0,1708,41191.29,25.0,28.0,28.0,19181.91,808.0,12.0
317,37195,3,59,65.7,1886,46884.46000000001,0.0,59.0,65.7,46884.46000000001,1886.0,0.0
318,38017,1,35,45.1,1319,31222.71,19.0,0.0,0.0,0.0,0.0,0.0
319,39017,1,45,46.7,1296,35222.91,17.0,29.0,29.9,22657.24,802.0,0.0
320,39023,2,22,32.8,952,24201.84,0.0,0.0,0.0,0.0,0.0,0.0
321,39045,1,12,12.0,330,9038.48,0.0,12.0,12.0,9038.48,330.0,0.0
322,39057,2,22,32.8,952,24201.84,0.0,0.0,0.0,0.0,0.0,0.0
323,39061,2,64,69.30000000000001,1948,51237.07000000001,17.0,29.0,29.9,22657.24,802.0,0.0
324,39073,1,12,12.0,330,9038.48,0.0,12.0,12.0,9038.48,330.0,0.0
325,39081,3,100,164.4,4842,116386.54999999999,44.0,34.0,61.6,41397.18,1828.0,21.0
326,39083,2,26,26.0,728,18047.0,0.0,26.0,26.0,18047.0,728.0,0.0
327,39089,2,26,26.0,728,18047.0,0.0,26.0,26.0,18047.0,728.0,0.0
328,39099,1,14,17.6,490,11937.07,0.0,0.0,0.0,0.0,0.0,0.0
329,39113,1,20,20.0,567,14205.55,0.0,0.0,0.0,0.0,0.0,0.0
330,39115,2,30,34.6,994,21896.0,0.0,0.0,0.0,0.0,0.0,0.0
331,39117,2,26,26.0,728,18047.0,0.0,26.0,26.0,18047.0,728.0,0.0
332,39123,1,30,32.1,882,22311.04,11.0,0.0,0.0,0.0,0.0,0.0
333,39145,4,112,130.4,3768,87677.88,0.0,68.0,74.4,49870.84,2144.0,0.0
334,39167,2,30,34.6,994,21896.0,0.0,0.0,0.0,0.0,0.0,0.0
335,40005,1,19,20.7,604,13534.46,0.0,0.0,0.0,0.0,0.0,0.0
336,40019,1,34,49.0,1442,34330.2,15.0,34.0,49.0,34330.2,1442.0,15.0
337,40027,1,17,18.7,539,12498.81,0.0,0.0,0.0,0.0,0.0,0.0
338,40029,1,19,20.7,604,13534.46,0.0,0.0,0.0,0.0,0.0,0.0
339,40031,1,21,33.0,963,22496.13,0.0,0.0,0.0,0.0,0.0,0.0
340,40069,8,348,348.0,10212,269762.76,124.0,236.0,236.0,185409.54,6932.0,0.0
341,40083,1,12,25.9,768,19042.0,0.0,12.0,25.9,19042.0,768.0,0.0
342,40087,1,17,18.7,539,12498.81,0.0,0.0,0.0,0.0,0.0,0.0
343,40097,8,88,116.0,3360,88462.0,0.0,88.0,116.0,88462.0,3360.0,0.0
344,40109,3,50,68.4,1982,50560.479999999996,0.0,12.0,25.9,19042.0,768.0,0.0
345,40121,2,36,47.6,1368,34145.02,0.0,36.0,47.6,34145.02,1368.0,0.0
346,40123,8,348,348.0,10212,269762.76,124.0,236.0,236.0,185409.54,6932.0,0.0
347,40131,8,88,116.0,3360,88462.0,0.0,88.0,116.0,88462.0,3360.0,0.0
348,40143,6,66,87.7,2536,58360.5,0.0,33.0,52.5,33709.95,1536.0,0.0
349,42001,2,286,449.4,13218,321411.24,88.0,242.0,393.4,282451.44,11602.0,0.0
350,42003,14,232,314.3,9066,219365.0,13.0,12.0,19.1,14261.15,556.0,0.0
351,42007,1,25,39.9,1170,29069.81,13.0,12.0,19.1,14261.15,556.0,0.0
352,42011,2,30,38.400000000000006,1128,27277.730000000003,0.0,0.0,0.0,0.0,0.0,0.0
353,42013,8,134,164.0,4722,113642.94,24.0,0.0,0.0,0.0,0.0,0.0
354,42015,1,16,21.5,630,14307.06,0.0,0.0,0.0,0.0,0.0,0.0
355,42019,4,78,99.2,2872,68713.0,0.0,22.0,25.4,19104.68,736.0,0.0
356,42021,5,126,158.89999999999998,4634,110191.26000000001,20.0,0.0,0.0,0.0,0.0,0.0
357,42029,1,12,15.2,452,10274.62,0.0,12.0,15.2,10274.62,452.0,0.0
358,42039,1,15,26.4,792,19354.12,0.0,0.0,0.0,0.0,0.0,0.0
359,42051,2,86,107.6,3134,64456.62,26.0,36.0,46.4,27936.78,1356.0,0.0
360,42063,4,84,92.8,2672,67548.12,26.0,0.0,0.0,0.0,0.0,0.0
361,42067,4,50,53.2,1500,35544.46,0.0,24.0,24.8,16542.12,708.0,0.0
362,42071,1,12,17.9,528,12672.35,0.0,0.0,0.0,0.0,0.0,0.0
363,42077,6,75,90.8,2652,65733.22,0.0,39.0,42.6,30979.39,1248.0,0.0
364,42079,1,17,19.0,498,11734.24,0.0,0.0,0.0,0.0,0.0,0.0
365,42081,1,19,25.9,754,17617.63,0.0,19.0,25.9,17617.63,754.0,0.0
366,42087,11,183,206.6,5932,138664.16999999998,0.0,114.0,130.9,87671.3,3776.0,0.0
367,42091,2,41,46.400000000000006,1336,35444.05,0.0,19.0,20.8,15485.68,602.0,0.0
368,42101,14,408,463.8,13402,338293.21,36.0,339.0,369.6,269641.01,10692.0,25.0
369,42103,1,12,15.0,434,8460.03,0.0,12.0,15.0,8460.03,434.0,0.0
370,42107,3,43,51.6,1489,36283.35,0.0,11.0,18.0,12681.63,517.0,0.0
371,42111,2,42,69.2,2024,55593.04,0.0,42.0,69.2,55593.04,2024.0,0.0
372,42119,7,104,105.2,3004,74312.72,0.0,17.0,17.0,12109.97,494.0,0.0
373,42127,1,19,37.2,1106,27008.72,12.0,0.0,0.0,0.0,0.0,0.0
374,42129,5,120,175.20000000000002,4930,131908.28,25.0,79.0,128.6,98343.85,3770.0,0.0
375,42131,1,17,19.0,498,11734.24,0.0,0.0,0.0,0.0,0.0,0.0
376,42133,2,286,449.4,13218,321411.24,88.0,242.0,393.4,282451.44,11602.0,0.0
377,45003,1,56,61.3,1780,41360.08,22.0,0.0,0.0,0.0,0.0,0.0
378,45017,2,24,24.0,688,17955.38,0.0,24.0,24.0,17955.38,688.0,0.0
379,45033,1,12,12.0,339,8699.13,0.0,0.0,0.0,0.0,0.0,0.0
380,45045,1,16,20.7,600,14909.37,0.0,0.0,0.0,0.0,0.0,0.0
381,45051,1,16,16.0,458,11700.37,0.0,0.0,0.0,0.0,0.0,0.0
382,45059,1,11,12.8,370,9962.68,0.0,11.0,12.8,9962.68,370.0,0.0
383,45063,2,24,24.0,688,17955.38,0.0,24.0,24.0,17955.38,688.0,0.0
384,45067,1,12,12.0,339,8699.13,0.0,0.0,0.0,0.0,0.0,0.0
385,45075,2,24,24.0,688,17955.38,0.0,24.0,24.0,17955.38,688.0,0.0
386,45079,1,11,13.8,396,8911.95,0.0,11.0,13.8,8911.95,396.0,0.0
387,46093,2,36,43.0,1234,29898.16,0.0,0.0,0.0,0.0,0.0,0.0
388,46099,3,102,113.10000000000001,3204,79601.97,0.0,0.0,0.0,0.0,0.0,0.0
389,46103,2,36,43.0,1234,29898.16,0.0,0.0,0.0,0.0,0.0,0.0
390,47009,6,66,73.2,2080,54143.26,0.0,44.0,44.0,31997.56,1232.0,0.0
391,47013,1,16,16.0,470,11833.53,0.0,0.0,0.0,0.0,0.0,0.0
392,47017,2,52,60.0,1756,44812.88,0.0,0.0,0.0,0.0,0.0,0.0
393,47031,3,63,87.0,2526,62477.64,0.0,0.0,0.0,0.0,0.0,0.0
394,47037,4,62,101.3,2974,69048.79000000001,0.0,36.0,65.6,43774.08,1924.0,0.0
395,47065,2,24,26.0,758,18896.48,0.0,13.0,15.0,10969.64,438.0,0.0
396,47087,1,17,28.2,834,22276.79,0.0,0.0,0.0,0.0,0.0,0.0
397,47093,10,110,124.4,3546,92032.55,0.0,77.0,80.6,58814.0,2274.0,0.0
398,47105,1,11,11.0,308,7999.39,0.0,11.0,11.0,7999.39,308.0,0.0
399,47113,2,52,60.0,1756,44812.88,0.0,0.0,0.0,0.0,0.0,0.0
400,47133,1,17,28.2,834,22276.79,0.0,0.0,0.0,0.0,0.0,0.0
401,47141,1,17,28.2,834,22276.79,0.0,0.0,0.0,0.0,0.0,0.0
402,47155,6,66,73.2,2080,54143.26,0.0,44.0,44.0,31997.56,1232.0,0.0
403,47157,1,20,20.0,572,13022.59,0.0,0.0,0.0,0.0,0.0,0.0
404,48005,10,154,158.0,4168,111437.56,0.0,0.0,0.0,0.0,0.0,0.0
405,48007,1,69,74.7,2184,51872.31,16.0,58.0,61.2,41844.45,1789.0,0.0
406,48027,4,56,67.2,2000,56913.32,0.0,0.0,0.0,0.0,0.0,0.0
407,48029,10,152,195.5,5724,141166.21,11.0,69.0,85.19999999999999,63585.91,2472.0,0.0
408,48037,1,87,91.6,2623,63757.75,31.0,39.0,42.7,28335.16,1226.0,17.0
409,48061,2,34,35.6,886,22540.92,0.0,0.0,0.0,0.0,0.0,0.0
410,48071,1,20,21.4,623,14473.86,11.0,0.0,0.0,0.0,0.0,0.0
411,48077,2,38,48.6,1424,36510.2,0.0,0.0,0.0,0.0,0.0,0.0
412,48113,10,334,408.5,11768,292842.76,116.0,150.0,192.0,132334.58,5538.0,50.0
413,48141,14,470,694.5,20098,493195.98,196.0,230.0,306.2,204074.82,8560.0,0.0
414,48201,20,389,587.5,17160,432300.68,60.0,166.0,283.8,204489.01,8362.0,0.0
415,48215,7,162,223.89999999999998,6587,139771.51,35.0,87.0,122.69999999999999,74799.54,3610.0,21.0
416,48237,2,38,48.6,1424,36510.2,0.0,0.0,0.0,0.0,0.0,0.0
417,48245,2,26,39.8,1170,30089.35,11.0,0.0,0.0,0.0,0.0,0.0
418,48303,3,51,52.8,1490,38688.78,0.0,0.0,0.0,0.0,0.0,0.0
419,48305,1,17,18.8,534,13331.36,0.0,0.0,0.0,0.0,0.0,0.0
420,48309,4,68,91.2,2696,64146.28,0.0,0.0,0.0,0.0,0.0,0.0
421,48355,1,21,23.2,678,17339.7,0.0,0.0,0.0,0.0,0.0,0.0
422,48367,1,11,25.3,754,17705.39,0.0,0.0,0.0,0.0,0.0,0.0
423,48423,2,38,51.2,1500,35903.52,0.0,0.0,0.0,0.0,0.0,0.0
424,48453,5,73,88.2,2526,60800.03,0.0,42.0,52.800000000000004,38066.729999999996,1512.0,0.0
425,48455,10,154,158.0,4168,111437.56,0.0,0.0,0.0,0.0,0.0,0.0
426,48479,2,48,63.599999999999994,1868,38697.25,0.0,12.0,18.1,8622.61,534.0,0.0
427,48489,2,34,35.6,886,22540.92,0.0,0.0,0.0,0.0,0.0,0.0
428,51015,1,23,33.1,960,22944.94,0.0,11.0,19.4,12641.16,580.0,0.0
429,51041,2,28,72.2,2152,50088.12,0.0,28.0,72.2,50088.12,2152.0,0.0
430,51059,2,40,49.2,1416,36499.21,0.0,28.0,31.5,22483.37,886.0,0.0
431,51121,1,22,22.4,648,15537.82,0.0,22.0,22.4,15537.82,648.0,0.0
432,51145,2,28,72.2,2152,50088.12,0.0,28.0,72.2,50088.12,2152.0,0.0
433,51161,1,14,16.7,492,11341.05,0.0,0.0,0.0,0.0,0.0,0.0
434,51191,1,17,23.4,684,15647.68,0.0,0.0,0.0,0.0,0.0,0.0
435,51195,1,16,16.8,490,11580.43,0.0,0.0,0.0,0.0,0.0,0.0
436,51600,1,12,17.7,530,14015.84,0.0,0.0,0.0,0.0,0.0,0.0
437,51650,1,11,11.0,289,7685.05,0.0,11.0,11.0,7685.05,289.0,0.0
438,51700,1,11,11.0,289,7685.05,0.0,11.0,11.0,7685.05,289.0,0.0
439,51720,1,16,16.8,490,11580.43,0.0,0.0,0.0,0.0,0.0,0.0
440,51770,1,14,16.7,492,11341.05,0.0,0.0,0.0,0.0,0.0,0.0
441,51775,1,14,16.7,492,11341.05,0.0,0.0,0.0,0.0,0.0,0.0
442,53015,2,112,115.4,3284,81993.96,0.0,66.0,69.4,49016.32,1980.0,0.0
443,53031,1,42,56.4,1630,42641.48,18.0,0.0,0.0,0.0,0.0,0.0
444,53035,1,19,26.2,780,16711.46,0.0,0.0,0.0,0.0,0.0,0.0
445,53069,2,112,115.4,3284,81993.96,0.0,66.0,69.4,49016.32,1980.0,0.0
446,54009,7,132,166.0,4834,115875.39,0.0,0.0,0.0,0.0,0.0,0.0
447,54011,1,23,30.6,902,22473.59,11.0,12.0,15.8,11629.12,468.0,0.0
448,54029,1,20,25.8,762,18617.23,0.0,0.0,0.0,0.0,0.0,0.0
449,54051,4,84,104.0,3016,71886.52,0.0,0.0,0.0,0.0,0.0,0.0
450,54069,4,84,104.0,3016,71886.52,0.0,0.0,0.0,0.0,0.0,0.0
451,55003,1,13,13.8,392,9351.43,0.0,0.0,0.0,0.0,0.0,0.0
452,55007,1,13,13.8,392,9351.43,0.0,0.0,0.0,0.0,0.0,0.0
453,55033,2,56,80.4,2368,59387.18,0.0,0.0,0.0,0.0,0.0,0.0
454,55035,2,56,80.4,2368,59387.18,0.0,0.0,0.0,0.0,0.0,0.0
455,55039,2,26,30.2,884,20920.56,0.0,0.0,0.0,0.0,0.0,0.0
456,55079,1,15,23.2,684,14949.8,0.0,0.0,0.0,0.0,0.0,0.0
457,55097,1,74,101.1,2916,72841.09,35.0,46.0,59.9,42829.83,1727.0,21.0
458,55105,1,15,16.7,474,10992.09,0.0,0.0,0.0,0.0,0.0,0.0
459,55139,2,26,30.2,884,20920.56,0.0,0.0,0.0,0.0,0.0,0.0
